Perforation interval (ft),Frac_fluid_vol(bbls),Proppant qty(lbs),number of frac stages,tubing depth(ft),Casing depth(ft),FTP(psi),choke size(1/64 in),SITHP(psi),SG of gas,Well Type,Latitude,Long.,Gas prod/mth,acid
280,19454.7619,408550,2,7754,8067,185,42,2815,0.679,1,33.0530716,-97.1914713,7135.18,1
757,58477,407000,1,8843,9081,490,40,1915,0.589,1,33.1622203,-97.3898575,3720.74,1
532,27262,129400,1,7963,8515,565,22,3015,0.7,1,33.0115918,-97.2716571,6200.33,1
345,31622.7381,321300,1,7832,8039,615,20,2350,0.8,1,33.1498825,-97.1488162,4096.05,1
856,18596.7619,390532,2,8602,9065,715,24,3250,0.6621,1,33.0480708,-97.2738089,4687.49,1
470,34785.71429,190000,1,7470,7810,1235.2,10,2250,0.7,1,33.2387886,-97.3018669,3551.04,1
254,20834,189500,2,8018,8351,300,42,3000,0.7,1,33.0831198,-97.2053155,3324,1
388,30952.38095,221000,1,7648,7897,675,7,3645,0.7,1,33.2395944,-97.2632167,4947.04,1
238,30637,295250,1,7726,8000,350,48,2800,0.7,1,33.0823841,-97.1897216,4906.78,1
251,17168,159750,2,7898,8163,215,32,2965,0.7,1,33.0246581,-97.3421546,4402.64,1
276,37551.83333,1015000,2,7860,8467,513,64,2113.2,0.588,1,33.0779599,-97.2294622,2459.56,1
424,31785.71429,305060,1,7539,7830,1415,18,2145,0.7,1,33.2415668,-97.2949766,5947.71,1
365,31045,317500,1,7667,7882,445,48,2858,0.7,1,33.0546165,-97.3641802,4454.89,1
390,24089,236000,1,7362,7870,1514,18,2894,0.59,1,32.9953643,-97.3437033,4162.93,1
425,33801,193750,1,7699,8000,350,48,2500,0.7,1,33.0578063,-97.3160692,4827.53,1
537,44404.7619,308200,2,8672,8970,385,18,3340,0.7,1,33.0351833,-97.3144976,12009.07,1
353,32619.04762,218500,2,8077,8380,715,15,1615,0.7,1,33.2359104,-97.3157363,4766.33,1
390,41493.07143,148150,2,8225,8416,2200,20,3435,0.7,1,33.2269455,-97.3428547,7063.06,1
310,24215,398000,1,7487,7835,541,22,2829,0.6,1,33.2259722,-97.3159543,8301.32,1
416,40547.61905,291600,2,8313,8450,440,10,3165,0.7,1,33.239822,-97.2631526,6432.87,1
364,38571.42857,252250,2,8039,8250,1190,14,1575,0.703,1,33.2407621,-97.3011555,9882.22,1
440,42142.85714,233000,2,8385,8631,1475,17,2465,0.7,1,33.2094493,-97.2713832,11917.65,1
478,42510.33333,232782,2,8353,8618,1330,10,1515,0.7,1,33.1970733,-97.2722776,1189790,1
370,29523.80952,130500,1,7523,7706,915,15,2035,0.7,1,33.2026268,-97.2774572,10620.73,1
227,26125,140000,1,7700,8222,694.2,16,1500,0.7,1,33.1704736,-97.3061384,2222.48,1
801,48806,1309500,1,8515,8837,890,16,2990,0.718,1,33.1287456,-97.3626335,7030.5,1
381,41666.66667,169000,2,8394,8575,1035,18,1505,0.7,1,33.1442859,-97.2676432,10382.2623,1
506,50553,1161660,3,8608,8931,256,26,2500,0.726,1,33.2359104,-97.3157363,6300.342,2
364,29523.80952,130500,1,7609,7816,995,13,2175,0.7,1,33.0171805,-97.38033639,10230.78049,1
372,17644,405800,2,8538,8873,499,20,2014,0.75,1,33.2517305,-97.3040693,6208.7,2
470,45865,408100,2,8401,8738,855,17,1350,0.7,1,33.1717569,-97.233051,6339.64,1
323,38809.52381,249600,2,7942,8244,915,15,1175,0.7,1,33.1404718,-97.3818847,4981.4516,1
339,30000,125600,1,7620,7920,325,64,2275,0.7,1,32.9986756,-97.3853205,6058.9079,1
872,42358,1118000,1,8532,8934,240,36,1613,0.734,1,33.1806471,-97.2949766,8205.4375,2
60,13557,138000,2,9030,9228,500,32,2600,0.7,1,33.250278,-97.1581668,8649,2
399,47883,1143120,3,8464,8706,513,20,2333,0.678,1,33.2070423,-97.3099104,4043.17,2
442,31190.47619,360000,2,8472,8775,1180,30,1400,0.7,1,33.186681,-97.3074593,6010.93,1
860,49175,1311020,1,8576,8898,203,20,2257,0.732,1,33.2598462,-97.3107367,7087.1875,1
302,52958,1209642,3,8508,8780,412,19,2475,0.723,1,33.2426361,-97.330513,8284.73,2
652,56946,1426000,3,8567.52,8807,415,17,2200,0.721,1,33.2678199,-97.317349,8627.69,2
374,49556,1254340,3,8104,8366,500,17,2100,0.733,1,33.234813,-97.3262997,7923.4,2
860,48735,1311368,1,8392,8673,919,24,1553,0.722,1,33.2755437,-97.3262997,6300.263,1
996,46136,1314660,1,8593,8904,905,24,2012,0.728,1,33.2755422,-97.3262343,4966.5789,2
617,39956,1020044,1,8856,9224,825,48,2525,0.7,1,33.2755266,-97.333116,6584.5,1
37,32284,770200,3,9750,9750,390,35,2193,0.589,1,33.1341025,-97.1006341,6426.6,2
48,12000,959000,4,9445,9660,425,22,2150,0.589,1,33.1384322,-97.103097,10860.1333,1
409,24865,396594,2,8997,9347,84,32,1114,0.645,1,33.204826,-97.1085642,2747.347,1
329,52520,1331440,3,8407,8690,360,14,2012,0.679,1,33.2070455,-97.3099758,2877.793,2
654,40201,632780,1,9131,8926,170,64,815,0.694,2,33.2046985,-97.3905303,6156.133333,1
800,44156,760500,4,4952,9951,465,64,1715,0.6,2,33.0557893,-97.225876,6315.322581,1
400,91541,1216766,4,7767,13022,770,28,2460,0.7,2,33.0204446,-97.1800479,19205.59524,1
636,58347,797301,3,7971,9452,165,64,1265,0.591,2,33.0167823,-97.194252,2147.368421,1
1731,127006,1687976,3,7770,10840,1570,20,1810,0.7,2,33.0834159,-97.3393731,37213.05882,1
2180,108147,2742096,1,8209,11000,664,25,1514,0.592,2,33.13865,-97.1777441,17927.75,2
1902,109648,2846450,8,7500,11256,305,38,1215,0.598,2,33.0921017,-97.2344136,22457.45455,1
4360,179454,2053246,1,7288,12310,1360,64,2800,0.6,2,33.0076008,-97.2580997,23878.55814,1
1755,97801.54762,1612000,3,9163,10525,1115,20,3200,0.7,2,33.2240493,-97.1783964,9364.245614,2
4555,208665,3135000,1,6959,12407,750,64,1675,0.6,2,33.0005553,-97.2581599,19729,1
2405,104835,1578079,5,8039,11688,335,64,2225,0.59,2,33.0136041,-97.1981536,10328.28571,1
3510,111668,2316800,1,8870,13144,0,32,1514,0.593,2,33.1545221,-97.0926674,24094.37931,1
1823,108740,1748160,1,8006,9871,495,64,1700,0.6,2,32.9919858,-97.2589498,9921.177778,1
1586,54899,2453700,4,8200,11238,547,36,1845,0.591,2,33.0860771,-97.2344841,34666.86667,1
2429,165427,2990518,4,7565,12050,2340,12,2850,0.7,2,33.1003368,-97.2863883,33104.92857,2
1000,37121,683121,4,7716,9452,365,64,1450,0.59,2,33.0127125,-97.1852715,14842.91176,1
866,108322,2019700,4,7965,11176,1550,15,2160,0.7,2,33.1298251,-97.256263,11506.36,1
980,37416,659368,4,8083,11510,315,64,1730,0.59,2,33.0127627,-97.1853236,16116.23529,1
1575,94904.7619,1746400,2,7393,10027,990,48,1560,0.7,2,33.0325189,-97.297291,20588.32432,1
300,65273,943372,3,8197,10588,400,30,1100,0.7,2,33.0080388,-97.1879437,7145.547619,1
1250,112784.2619,599250,2,8194,10230,2095,28,2415,0.7,2,33.1907849,-97.3562194,19267.68085,1
400,105878,1567677,4,7950,11450,415,128,1715,0.596,2,33.0169455,-97.1944937,8489.051282,1
2071,168537,1468797,3,7970,9863,864,33,2460,0.7,2,33.1948752,-97.3608932,24129.02,1
16,58280,1050000,4,7515,9880,1020,48,1330,0.7,2,33.0049422,-97.3760508,24366.29412,1
2460,126861,2095802,1,7595,10242,1003,64,2914,0.6,2,33.0113857,-97.2716518,23630.63333,1
12,40988,826625,3,7715,9314,1450,12,2350,0.7,2,33.1589539,-97.3381148,6812.772727,1
2546,26170,577634,1,7718,10745,840,28,2500,0.7,2,33.0278291,-97.307238,24888.51111,1
1389,124546.1905,700000,2,8401,11019,1100,23,1615,0.702,2,33.2192497,-97.2724807,13714.01639,1
1395,47398,849496,3,7796,11263,894,30,2318,0.7,2,33.0825667,-97.2117,8602.5,2
1657,111082,814780,1,8696,11045,565,32,1215,0.593,2,33.1485456,-97.1284747,15546.07018,1
1556,109881.7619,900000,2,8408,10737,705,48,895,0.7,2,33.1907783,-97.2043408,16679.73469,1
2295,175422.8571,1980000,3,8449,12038,715,32,840,0.7,2,33.1552738,-97.2367096,45734.35417,1
1712,61747,1002000,4,8780,10920,392.61,64,425,0.6,2,33.1240222,-97.1248723,23918,1
12,71993,1590000,3,7811,9506,840,40,1360,0.7,2,33.0048558,-97.3761825,13667.29412,1
12,82414,1450500,4,7690,10444,1420,15,2000,0.7,2,33.0463564,-97.3448194,36893.7,1
1676,94215,1220488,2,8242,11060,1240,8,1620,0.743,2,33.2112635,-97.2742508,29907.1,1
1272,79371,1492125,3,7699,10432,860,19,1320,0.7,2,33.1158637,-97.3868685,22659.15385,2
656,63996.42857,1557000,2,7645,10141,1695,128,2045,0.7,2,33.0184655,-97.2546112,6919.339286,1
1908,101255,1720889,7,7220,10581,490,48,1415,0.59,2,33.0680443,-97.2718201,55624.7,1
1834,74346.52381,796164,2,8270,11180,1515,24,2035,0.7,2,33.2015713,-97.3234473,17778.67925,1
1431,119786,1699000,3,7865,10389,1840,14,2430,0.7,2,33.0333198,-97.3622637,31176.96429,1
936,58648,1700012,4,7335,9185,435,38,1215,0.596,2,33.0692004,-97.2456471,28955.15,1
1431,101926,1860000,3,8487,11050,1060,21,2140,0.7,2,33.1150601,-97.2190161,10694.27273,1
144,47209,506743,5,8642,11632,940,128,1540,0.769,2,33.3303836,-97.3454991,2137.904762,1
1446,73600,1331850,3,8207,10850,1280,12,2000,0.7,2,33.206038,-97.2444303,18459.34615,2
1277,3637776,820000,2,7810,9820,1005,28,1415,0.7,2,33.0144547,-97.3455704,22042.52174,1
1512,143926,2550860,3,7207,10202,1950,42,2250,0.7,2,33.0175349,-97.3654016,28305.42424,1
1713,62621,678109,4,7371,10760,352.93,64,1000,0.6,2,33.0272979,-97.3070434,28315.95,1
1805,106835,1460385,4,7484,10160,335,64,1015,0.61,2,33.0702204,-97.3922497,2743.378378,1
908,56664,1534949,5,7180,9100,395,34,1315,0.59,2,33.0688225,-97.2561075,21660.33333,1
1803,83571.42857,715000,1,8688,11130,975,18,1545,0.958,2,33.2930889,-97.3000923,14602.67164,1
2453,178725.6905,3347500,3,7536,10010,1895,24,1945,0.7,2,3436128,33.0360525,62475.05455,1
1473,115424,2119850,3,7208,10025,1700,11,2205,0.7,2,32.9927114,-97.3649525,29406.58065,2
1292,80630,1429875,3,8149,10406,1285,14,1780,0.7,2,33.1169934,-97.3705152,34243,1
17,73537,440000,4,7687,9890,864,10,864,0.7,2,33.0781989,-97.321551,15281.03226,1
1428,84681.7381,781390,2,7326,9902,1100,30,1470,0.7,2,33.0223569,-97.3409229,26312.04651,1
1192,79033,1370625,3,8010,10206,1000,26,1730,0.7,2,33.1537462,-97.3640215,17285.3,1
1916,114558.7381,479550,2,9064,11817,1234,17,3014,0.73,2,33.2382938,-97.1961881,20102.57143,1
1218,107967,1345938,3,8440,10922,1700,20,2100,0.7,2,33.1637996,-97.2002407,3163.551724,2
908,88282,1648750,2,8417,10536,1390,15,2100,0.7,2,33.1638014,-97.2003714,13759.80645,2
688,83329,1617500,4,7868,10822,1950,20,2060,0.7,2,33.1161995,-97.3174227,36340.96552,2
446,107071.4286,1850200,4,7989,10495,2080,32,2570,0.7,2,33.1485226,-97.284402,24896.85714,2
2004,62285.71429,648000,1,7414,9947,1910,8,2940,0.7,2,33.1067846,-97.371285,37118.40845,1
842,51626,1310000,1,8485,8850,230,36,2134,0.734,2,33.2415661,-97.2949112,8489.1875,2
1724,66761.90476,1141000,2,8791,11392,285,128,300,0.864,2,33.2892349,-97.2564636,6553.166667,1
1294,42571.33333,469258,1,7312,9101,1050,24,1460,0.7,2,33.0224187,-97.3410069,15556.13953,1
996,99335,1703750,4,7842,11012,1240,12,1400,0.7,2,33.1331028,-97.3128486,29057.77273,1
1505,81750,433355,1,8427,10570,1015,16,2635,0.802,2,33.2708667,-97.3032321,9026,1
12,95238.09524,1641000,4,7896,10075,1300,18,1820,0.7,2,33.1461603,-97.3428412,17497.82857,1
1396,54955.33333,932000,2,7199,10003,1070,20,1730,0.704,2,33.1783813,-97.3472569,9417.55,1
1327,82671,1530500,4,8005,10193,1160,20,1540,0.7,2,33.1170853,-97.3704194,31100.73333,1
1670,139500,1791300,2,8485,10850,510,32,715,0.7,2,33.3201141,-97.3102588,17320.54545,1
1206,56563.7619,648000,2,8008,9375,1475,9,2195,0.7,2,33.1169265,-97.3706075,12919.95349,1
2128,166216,1673200,3,12100,12100,1015,28,2064,0.7,2,33.2214086,-97.2108382,25350.30556,1
791,85794,1480000,4,8708,10377,1120,128,1240,0.7,2,33.1716337,-97.2501918,20511.4,1
2366,110732,3258439,10,7570,11370,595,40,1715,0.702,2,33.205193,-97.383634,35711,1
1710,102611,2935760,9,7450,10755,590,36,1515,0.695,2,33.198791,-97.373242,38986,1
1820,101613,2912438,9,7450,11354,395,44,1015,0.681,2,33.188089,-97.368006,67271.5,1
12,79952,1547500,4,7515,9695,1550,14,1870,0.7,2,33.007205,-97.36076,36949.5,1
1000,26801,378500,1,8606,9725,48,38,1300,0.7,2,33.0407085,-97.1047464,6198.5,2
28,165514,1520300,7,7547,10450,1200,18,1430,0.7,2,33.002244,-97.364392,35550.33333,1
2436,71723,1365727,4,8373,11648,312.74,64,400,0.7,2,33.0934365,-97.1901063,34660.5,1
12,91617,1976000,4,7488,10035,890,29,1010,0.7,2,33.001629,-97.371414,33879.5,1
12,120672,1805080,4,8193,10470,1650,128,2320,0.7,2,33.109401,-97.244792,16579.5,1
1400,73205,1481520,1,8764,10500,200,48,1780,0.7,2,33.1171164,-97.1138537,20794.2,1
2877,151566,2400000,1,7953,11211,215,128,2085,0.699,2,33.351911,-97.332303,11365.8,1
1111,68387,1280500,4,8019,10283,1160,24,1960,0.7,2,33.097694,-97.354103,36732.8,1
12,101151,1971000,4,7810,9690,1850,10,2020,0.7,2,33.06041,-97.288792,37543.6,1
32,96245.97619,1789500,4,7814,8614,1710,128,2070,0.7,2,33.080149,-97.339474,29753.33333,1
1146,90546,1707000,4,8107,10397,1020,128,1180,0.7,2,33.173212,-97.299936,25084.33333,1
1146,71996,1326500,4,7731,11369,1160,24,1630,0.7,2,33.127234,-97.388521,37933,1
3419,123400,1208942,11,7178,11496,765,26,1365,0.598,2,33.0753051,-97.2812075,50817.28571,1
1388,63561,1889919,4,8020,10012,455,30,1885,0.725,2,33.228742,-97.383629,20972,1
12,98633,1720000,4,7859,9576,1000,48,1360,0.7,2,33.020579,-97.363248,23656.57143,1
1336,76367,1393375,4,7740,11212,1530,20,1800,0.7,2,33.094054,-97.388562,37816.14286,1
1596,103593,1973500,4,8036,11110,2000,13,2280,0.7,2,33.1403026,-97.3106783,57653.25,1
1694,59437,2326410,4,6347,11613,214,128,2928,0.7,2,33.2558288,-97.278865,18627.375,1
1012,62000,2454000,4,8750,11750,258,68,1500,0.602,2,33.1969469,-97.1600496,23161.75,2
1452,81003,1521500,4,7914,10610,1370,10,1480,0.7,2,33.094345,-97.376919,30782.25,1
1436,84353,1592500,4,8069,10728,1540,12,2300,0.7,2,33.096667,-97.340595,32331.75,1
1216,64548.47619,1284000,4,8105,10675,1470,128,1930,0.7,2,33.1012068,-97.3781195,30099.22222,1
1372,77244,1434000,4,8122,11467,1210,19,1520,0.7,2,33.091267,-97.364098,41534.55556,1
1456,93333.33333,1610000,4,8363,11043,1180,25,1720,0.7,2,33.1403028,-97.3105581,17247.2,1
1512,69300,1872500,7,7380,10121,350,36,1315,0.712,2,33.1905917,-97.3673848,18270,1
942,68197.47619,1306500,3,8363,10226,1080,22,1805,0.7,2,33.1434158,-97.2669745,20670.7,1
1276,101767,1916950,4,8043,10598,1045,14,1900,0.7,2,33.1772297,-97.3128283,31979.81818,1
1616,127254,2476500,4,8347,11315,1210,16,2200,0.7,2,33.1763609,-97.3097031,34131.91667,1
1611,97216,1850000,4,7049,11010,900,21,1400,0.7,2,33.1454723,-97.3456679,22676.16667,1
1281,57034,1729242,4,8173,10724,660,30,1845,0.677,2,33.1954455,-97.3521073,19847.25,1
812,59000,2446000,4,8932,11600,432,48,1110,0.749,2,33.2459602,-97.1628268,41065.66667,2
1290,57348,834750,4,8734,11518,615,64,515,0.771,2,33.3034985,-97.2689521,13983.84615,1
870,57266,1724800,4,8109,10443,275,64,1720,0.601,2,33.0833226,-97.139246,20461.53846,1
1547,73757,1599065,3,8491,10585,529,36,1915,0.708,2,33.2013918,-97.2064624,28015.84615,1
1996,111635,1828937,1,7691,10780,419,64,2171,0.6,2,33.011161,-97.271614,27216.92308,1
280,38938,672846,4,8643,8955,475,34,1820,0.594,2,33.1360503,-97.1739735,15077.92857,2
1457,54490,1572300,6,6350,9914,285,40,1215,0.5963,2,33.08132,-97.27297,28122.64286,1
2253,151401,4437897,11,7400,10890,425,28,1165,0.6922,2,33.2005605,-97.3765248,42435.8,1
462,7881,387800,1,6545,11395,445,64,1535,0.5905,2,33.0865105,-97.2344543,9149.944444,1
1091,51924,1841100,4,8193,10582,926,48,2830,0.688,2,33.052123,-97.118688,31757.77778,2
1096,107233,1968500,4,7847,10820,970,48,1300,0.7,2,33.0481576,-97.3676199,27484.15,1
1490,55069,1816980,4,8148,11012,984,48,2939,0.685,2,33.0535202,-97.1186211,31089.75,2
47,74502,1380617,4,7997,9958,765,32,1565,0.612,2,33.1353987,-97.288199,24754.52174,1
35,71428.57143,315000,4,7700,10290,313.2,48,2613.2,0.5985,2,33.0840647,-97.1688515,13279.06897,2
1904,108658,1712338,3,8723,11761,365,64,1715,0.7,2,33.2972206,-97.2643886,4670.8,2
699,61378,822507,4,8012,11203,225,64,2295,0.591,2,33.0169262,-97.1944125,5573.615385,1
391,29523.80952,200000,1,7360,7676,1565,12,2235,0.7,3,33.0223525,-97.3954403,3649.953846,1
569,68398,1241000,3,8648,8945,309,48,2961,0.7,3,33.2646219,-97.2855216,6665.71875,1
443,27181.09524,147000,1,7525,7879,275,48,1460,0.7,3,33.0346494,-97.2545399,1286.597015,1
451,32857.14286,129500,1,7636,7835,350,28,3065,0.7,3,33.0502091,-97.3086457,1969.8,1
610,24897,140000,2,8641,9207,490,20,1715,0.718,3,33.247934,-97.1860877,2213.612903,1
386,30476.19048,138125,1,7481,8029,1925,13,3015,0.7,3,33.024084,-97.3200901,3939.757895,1
458,33809.52381,132500,1,7624,7825,375,128,1225,0.7,3,33.0544062,-97.3137934,2892.659091,1
551,43518,264100,3,7745,8713,460,16,2300,0.7,3,33.2031943,-97.2204481,2877.47619,1
510,26752,121300,1,7655,8172,565,32,2515,0.7,3,33.1792964,-97.3667026,3440.3,1
543,41428.57143,153100,2,8466,8698,1155,20,3715,0.715,3,33.2094995,-97.271494,3626.26506,1
438,37077,164500,1,7250,8036,189.2,16,2764.2,0.7,3,33.1635446,-97.3838758,8001.048544,1
443,28617,125600,1,7739,8184,315,32,2665,0.7,3,33.0939509,-97.2539869,4519.440476,1
690,23466,332300,3,7903,9086,105,48,2100,0.6,3,33.4254107,-97.3828884,1330.9375,1
450,27676,127900,1,7734,8209,235,32,2014,0.7,3,33.0984015,-97.2572661,4370.060976,1
218,21429,127500,1,7660,8056,264.2,44,2514.2,0.7,3,33.2049126,-97.3794129,8253.08547,1
414,43214.28571,206600,2,7977,8172,1675,14,3015,0.7,3,33.2065123,-97.3849597,3358.794118,1
780,31890,520148,3,7874,9050,150,48,1400,0.6,3,33.4140637,-97.3811393,2367.909091,1
384,29523.80952,144800,1,7521,7767,525,24,2995,0.7,3,33.0203422,-97.2695337,2780.053333,1
426,31623.54762,620000,1,7255,7811,500,18,2750,0.69,3,33.0432069,-97.305754,4181.848485,1
496,28872,152500,1,7500,8002,400,32,2550,0.7,3,33.1734751,-97.3923347,3931.032258,1
399,36328.2619,195000,2,7920,8261,310,16,400,0.7,3,33.1256467,-97.2812979,2143.255319,1
440,28989,141900,1,7655,8214,300,32,2400,0.7,3,33.1000746,-97.2691629,3666.193182,1
452,32699,335500,1,7743,7969,450,48,1950,0.7,3,33.0819159,-97.3095176,2371.290323,1
404,32380.95238,136000,1,7524,7722,1275,16,2995,0.7,3,33.0233006,-97.3137395,4928.72,1
887,39611,538740,4,7740,8997,360,28,750,0.6,3,33.4099361,-97.3821167,3228.805556,1
510,31563,86000,1,7583,8120,250,32,1800,0.7,3,33.17288,-97.379419,4339.909091,1
392,30329,170000,1,7382,7693,1425,12,2988,0.7,3,33.0244163,-97.3527311,5550.378378,1
208,33573,223350,1,8508,8737,725,48,2650,0.7,3,33.2006807,-97.2123509,7061.875,1
456,33452.38095,168750,1,7554,7860,885,12,1265,0.7,3,33.0620508,-97.3694497,10609.37143,1
829,25416,189000,2,8625,9222,765,25,1835,0.716,3,33.247993,-97.1894487,1756.904762,1
809,26313,80357,2,8090,8937,1965,12,2335,0.7,3,33.2264492,-97.231597,2350.320988,1
390,25844.16667,141500,1,7603,7325,335,48,1810,0.7,3,33.0315164,-97.254566,2777.360656,1
988,57089,332651,3,8457,9168,865,19,2650,0.7,3,33.2619638,-97.2187701,4285.12,2
432,32857.14286,129500,1,7605,7810,1050,16,3065,0.7,3,33.043069,-97.3163682,4866.705882,1
414,39650.14286,297059,2,7735,8223,1850,12,3200,0.7,3,33.2217485,-97.3885524,4750.030612,1
487,24493,93940,1,7374,7393,624,26,1190,0.61,3,33.0564595,-97.2456801,2091.051948,1
320,42932,401382,3,8102,8985,650,26,1300,0.588,3,33.1460514,-97.1429347,6091.983871,1
390,30952.38095,154000,1,7454,7671,1455,11,2865,0.7,3,33.0208764,-97.363184,7472.40404,1
502,27067,170485,1,7769,8110,354,48,2781,0.7,3,33.0574593,-97.2381376,2350.811321,1
406,30714.28571,156000,1,7345,7590,985,14,2395,0.7,3,33.0336152,-97.3968932,7479.58,1
267,15382,1510000,1,7806,8123,1512.7,15,2314.2,0.7,3,33.0863327,-97.2534866,4288.137097,1
441,31212.14286,238986,3,8540,8973,410,28,3100,0.581,3,33.1335678,-97.1427402,1631.907407,1
297,31666.66667,257750,2,7849,8289,1215,32,2915,0.7,3,33.1260202,-97.3779878,9759.26087,1
556,41429.85714,894837,3,8227,9151,565,20,3065,0.7,3,33.1580708,-97.1387711,2486.47619,1
170,21624,267000,1,9066,9464,30,28,1250,0.7,3,33.2619335,-97.1861284,885.4242424,1
395,31071.42857,132750,1,7326,7657,2817,10,3115,0.7,3,33.0269711,-97.3644894,6740.070707,1
287,32142.85714,220212,2,7798,8264,990,12,1235,0.7,3,33.1238907,-97.3828275,6038.257143,1
390,30952.38095,234400,1,7588,7900,1275,24,3015,0.7,3,33.0185539,-97.2546437,5323.528571,1
407,44084,604430,3,8357,8760,64,13,2575,0.7,3,33.2425685,-97.3298875,7559.94,2
646,47619.04762,183600,2,8550,8793,1275,8,3435,0.774,3,33.2376859,-97.2826899,3325.58427,1
498,40542,296833,3,8420,8582,90,16,1500,0.7,3,33.2493696,-97.387915,3332.255814,1
351,33095.2381,270250,2,7892,8289,325,16,2395,0.7,3,33.1568535,-97.3786585,8152.39726,1
644,46142.85714,238700,2,8481,8853,495,20,2695,0.705,3,33.2056311,-97.232634,3928.078947,1
408,34285.71429,184250,1,7471,7740,1625,11,2695,0.7,3,33.0421306,-97.3680545,8000.589286,1
344,45046,375800,2,7532,8247,450,32,1625,0.7,3,33.0953622,-97.2490356,8471.297872,1
466,30357.14286,119750,1,7831,8090,2030,14,2695,0.7,3,33.0992687,-97.3886634,19654.77528,1
761,46880.95238,199650,2,8021,8035,515,9,3165,0.724,3,33.2378543,-97.2752223,2218.493151,1
474,30238.09524,154000,1,7351,7571,750,22,1715,0.7,3,33.0206321,-97.3954608,11254.04854,1
454,26857.14286,136750,1,7774,7886,240,48,3100,0.7,3,33.0435081,-97.2545736,2147.571429,1
252,16540,1658000,1,7684,8063.7,1274,22,2954,0.7,3,33.0929754,-97.2608823,5480.1875,1
440,25523.80952,178916,1,7416,7852,1375,12,2575,0.7,3,33.0647509,-97.3683715,8633.887097,1
392,30863,169136,2,7788,8220,885,16,3150,0.7,3,33.2187878,-97.3659969,8134.76087,1
777,24064,120000,2,8015,8557,1065,18,2380,0.725,3,33.2995581,-97.3510564,4609.343284,1
472,32182,101200,1,7553,8062,360,32,2220,0.7,3,33.176727,-97.3724825,1254.520548,1
436,29923,140000,1,7551,7855,1075,14,2100,0.7,3,33.030789,-97.2582719,3579.590361,1
500,32142.85714,140250,1,7650,7997,380,48,3105,0.7,3,33.0574904,-97.2433434,2245.063291,1
379,33168,401435,3,8449,8840,589,17,2200,0.73,3,33.2256566,-97.2820287,2870.438596,2
400,33695.19048,156166,2,7765,8195,300,14,1710,0.7,3,33.2327151,-97.3836979,2086.072289,1
642,31059.52381,178000,2,8492,8830,1065,20,3255,0.7,3,33.1908127,-97.2045926,3530.133333,1
472,32433,131368,1,7442,7812,1550,10,3061,0.7,3,33.0746172,-97.3336045,5845.568421,1
435,33809.52381,170000,1,7810,8057,2615,10,2615,0.7,3,33.1030566,-97.3822305,6903.181818,1
623,35714.28571,148000,1,8142,8373,505,16,2630,0.7,3,33.1636865,-97.3002991,5345.813953,1
314,32761,233000,2,7507,7882,1775,12,2670,0.7,3,33.084049,-97.3156008,4318.578947,1
360,27089,436500,3,8181,8796,454.3,48,2514.3,0.69,3,33.2213051,-97.2803673,1833.615385,2
219,33589,200175,2,8481,8795,1407.7,16,1514.7,0.6738,3,33.2241561,-97.2666957,3217.028169,1
423,32857.14286,129500,1,7554,7770,2435,9,3005,0.7,3,33.043409,-97.3344253,6877.45679,1
419,33754,146500,2,7380,8252,720,16,3175,0.7,3,33.2315802,-97.3800834,6643.154762,1
684,43531,171844,3,8469,8956,614.6,20,2854.6,0.7,3,33.3011876,-97.2748854,1590.902439,2
508,24601,311637,3,8419,8817,1500,14,3400,0.71,3,33.2409647,-97.2864312,2996.333333,2
406,37792.85714,169500,2,7909,8245,1265,20,3395,0.7,3,33.1639458,-97.3433395,6613.74026,1
569,37024.33333,438000,3,8470,9025,535,30,2555,0.641,3,33.2215253,-97.2118369,4466.898734,1
498,34673,416737,3,8635,9269,425,34,2300,0.6,3,33.1664655,-97.1404808,1442.827586,1
406,32619.04762,208150,2,8121,8220,975,128,1165,0.724,3,33.2092684,-97.3735158,5618.482143,1
437,27366,282660,3,8374,8760,1670,36,3070,0.704,3,33.2687437,-97.311359,5840.056604,2
416,32380.95238,232000,1,7464,7789,495,28,2945,0.7,3,33.053325,-97.3929289,10673.48718,1
958,50508,445764,2,8731,9170,884,22,3010,0.7,3,33.2432431,-97.2072049,3389.985294,2
318,28809.52381,211500,2,7796,8105,1490,10,2405,0.7,3,33.0987847,-97.3825361,7980.940299,1
466,36428.57143,232500,1,7583,7906,1035,18,1465,0.7,3,33.0744339,-97.3557417,6949.153846,1
504,34285.71429,153000,1,7837,8080,1265,11,2815,0.7,3,33.1131467,-97.3691195,7614.819149,1
505,57722,363500,1,8562,8974,520,64,1115,0.587,3,33.143234,-97.1377729,7179.779661,1
457,14203,43500,1,7732,7785,824,42,2114,0.61,3,33.0507104,-97.2585903,2581.881579,1
238,47190.47619,122400,2,8644,8951,565,20,3065,0.7,3,33.2173533,-97.2390034,2871.722222,2
296,22720,115100,1,8808,9137,918,15,2840,0.72,3,33.250893,-97.219908,2907.25641,1
374,30000,119750,1,7406,7643,1575,14,2755,0.7,3,33.0189092,-97.3713612,10788.25581,1
637,35833.33333,127000,1,8139,8370,1085,14,3415,0.7,3,33.168206,-97.2978205,7332.882353,1
546,26732,310380,2,8214,8587,429.3,22,2374.3,0.711,3,33.2267373,-97.3445687,4331.283333,2
545,40500,206340,2,7632,8561,1555,18,3215,0.7,3,33.1787344,-97.2446228,5247.927536,1
449,32857.14286,129500,1,7597,7885,585,15,2530,0.7,3,33.0460922,-97.3163536,5088.013333,1
235,16429,74400,1,7796,8217,285,32,2265,0.7,3,33.0999267,-97.2602396,2950.734177,1
534,28200,123300,1,7647,8195,480,32,2915,0.7,3,33.1878269,-97.362278,3962.927711,1
435,33452.38095,137600,1,7525,7766,1615,14,3115,0.7,3,33.0550103,-97.3535186,10093.15116,1
280,26460,262500,3,8222,8755,1214.3,16,3314.3,0.692,3,33.2179311,-97.2908097,6921.384615,2
506,28069,304840,3,8431,8772,656,14,3178,0.726,3,33.2333889,-97.2913342,3330.482143,2
370,23326,235120,3,8314,8693,750,13,2950,0.747,3,33.250457,-97.3226911,3652.290909,1
135,24105,215700,3,7872,8365,814.3,14,1364.3,0.724,3,33.2370394,-97.3793352,5542.044118,2
446,42261.90476,290250,2,8433,8740,1265,15,3315,0.703,3,33.1895332,-97.2789021,21165.58667,1
618,33383,428888,1,7607,8473,2236,13,3337,0.6,3,33.1590977,-97.2595565,7683.37931,1
386,23583.14286,119600,1,8314,8718,690,48,2263,0.7,3,33.2021937,-97.2283251,2202.634146,1
554,39071,466317,3,8660,9229,550,28,1400,0.6,3,33.1769793,-97.1486167,1344.666667,1
534,52845.80952,291200,1,8629,8927,590,48,1950,0.7,3,33.2627874,-97.2670791,5256.935484,1
442,33452.38095,137600,1,7517,7744,1265,16,2865,0.7,3,33.0552668,-97.3477158,6339.16129,1
549,31098,212400,2,7882,7903,1200,14,3350,0.7,3,33.2406635,-97.3669189,7833.013333,1
434,29045,304850,3,8174,8802,629.3,15,2414.3,0.693,3,33.223479,-97.2762101,2785.79661,1
404,28831,134200,1,7512,7965,250,32,2400,0.7,3,33.0807371,-97.2778706,1862.26506,1
694,32448,546000,1,8351,8710,559,22,1675,0.6,3,33.1989997,-97.2644497,5930.847826,1
754,57892,374908,3,8000,8944,510,16,2354,0.7,3,33.2632192,-97.2462926,3879.273973,2
432,24844,89300,1,7713,8149,1120,18,3000,0.7,3,33.0768634,-97.2461057,7548.125,1
708,32010.5,153134,2,8421,8533,850,16,3350,0.724,3,33.2392438,-97.3578031,5501.333333,1
216,13428,1780000,1,7754,8050,120,28,1653,0.7,3,33.1695451,-97.3713097,2537.026144,1
464,53359,1320200,3,8422,8751,830,17,2130,0.736,3,33.2116838,-97.3005146,8311.606061,2
150,25241,248000,3,8214,8785,900,18,3500,0.7,3,33.2050146,-97.2840576,5005.054054,2
608,52002,1165100,3,8489,8780,564,19,2664,0.767,3,33.268102,-97.3144315,4920.675,1
50,34166.66667,57000,2,7994,8198,1955,16,1595,0.7,3,33.1246273,-97.2917014,4900.684211,1
478,36357.14286,219300,2,8510,8831,1955,13,2965,0.714,3,33.2276152,-97.3267367,5240.714286,1
381,36071.42857,247750,2,7920,8134,385,17,2785,0.7,3,33.1707673,-97.3591857,4211.297297,1
440,34874.95238,410000,2,7817,8506,1440,12,1690,0.7,3,33.1816114,-97.305942,13219.70732,1
532,48095.2381,207200,3,8500,8763,475,128,3355,0.7,3,33.2084661,-97.2328119,2392.346154,1
668,34285.71429,186000,1,8270,8451,2425,11,3560,0.7,3,33.16699,-97.2686251,13447.43038,1
270,22399,215900,3,7571,8610,964.3,12,2514.3,0.718,3,33.2476229,-97.360489,4548.257576,2
454,39191,327450,2,8312,8710,550,48,1530,0.7,3,33.2007436,-97.2181057,4563.090909,1
590,50613,1147940,3,8455,8723,714,19,2814,0.745,3,33.2527566,-97.3130445,8572.342857,2
270,31850.14286,65000,1,7521,7826,323,18,2200,0.7,3,33.0769847,-97.349881,3265.556818,1
637,36794,365022,3,7989,8385,1114,16,3004,0.7,3,33.2282663,-97.3582355,11126.79688,2
446,32857.14286,138400,1,7534,7850,1430,10,1450,0.7,3,33.0678597,-97.3671306,6161.852941,1
553,48039,1167388,3,8520,8872,704,20,1374,0.738,3,33.2503477,-97.3098767,9595.717949,1
472,32857.14286,147750,1,7855,8063,505,16,2765,0.7,3,33.0973335,-97.3734127,1949.516854,1
713,47738.09524,178375,2,8510,8839,1485,18,2695,1.032,3,33.2898326,-97.303723,4663.858696,1
488,38333.33333,244500,2,8360,8710,2180,16,3475,0.7,3,33.172167,-97.2455806,7027.818182,1
579,26412,299188,3,8386,8885,840,14,2130,0.74,3,33.293057,-97.3111037,4299.732143,2
689,31186,417400,1,8208,8688,2504,10,3514,0.6,3,33.1919878,-97.267257,13811.71642,1
258,26801,262500,3,8199,8777,864.3,16,3214.3,0.688,3,33.2111394,-97.2958064,5527.446154,2
688,28424,294780,1,7769,8773,532,20,3289,0.6,3,33.207347,-97.2517138,5030.233333,1
378,25352,112400,1,7502,7925,1294,14,3065,0.7,3,33.0617043,-97.2694534,3576.6375,1
520,34351,352700,4,8417,9130,250,48,750,0.5874,3,33.1695662,-97.1656889,1201.8,1
698,19930.64286,192000,2,8495,8930,1070,16,3055,0.7,3,33.2362182,-97.2633075,5117.642857,1
487,32333.33333,204400,1,7510,7832,1654.2,10,2973.2,0.7,3,33.0758428,-97.3259204,6357.767677,1
1107,28895,381051,3,7989,8516,400,20,2500,0.7,3,33.2449394,-97.3652174,7944.302326,1
405,41904.7619,157000,2,8267,8535,715,22,3285,0.704,3,33.1881528,-97.3108414,4124.842697,1
395,38095.2381,178400,2,7934,8249,2180,13,3365,0.7,3,33.1685924,-97.3441919,6221,1
334,32721,326280,3,8469,8826,519,14,2821,0.718,3,33.2275052,-97.2851691,3011.071429,2
368,30476.19048,121250,1,7424,7635,1955,9,2935,0.7,3,33.0205446,-97.3776939,8910.883721,1
294,30952.38095,115000,2,7939,8165,785,14,895,0.7,3,33.1036897,-97.3931341,15405.0303,1
546,20493,187500,3,8418,8626,1090,18,2859,0.7,3,33.2604184,-97.3522729,3535.308642,2
438,32857.14286,220000,1,7596,7864,825,18,1360,0.7,3,33.0495729,-97.3528293,9231.446154,1
430,32619.04762,208150,2,8276,8440,1135,13,2115,0.726,3,33.2138739,-97.359199,7699.48,1
398,24263,275220,3,8495,8895,444.3,20,2274,0.752,3,33.260064,-97.2939066,3172.55,2
404,30714.28571,156000,1,7249,7545,2115,9,2875,0.7,3,33.0311501,-97.3884027,14650.62376,1
372,55272,388930,3,7776,8218,918,17,2800,0.7,3,33.2218423,-97.3719844,9706.901408,2
462,28634,124000,1,7447,8043,275,48,2895,0.7,3,33.0868165,-97.3882818,3275.120482,1
360,38273.47619,214125,2,7922,8109,665,21,3165,0.7,3,33.1667672,-97.3632869,6276.72,1
724,28510,191000,3,8124,8911,850,16,3150,0.7,3,33.2509438,-97.2550799,3100.868421,1
680,42194,820700,3,8497,8803,905,18,1560,0.727,3,33.294856,-97.3222779,6693.5,2
724,20045.95238,142050,2,8656,8845,789,16,2094,0.7,3,33.2532149,-97.3006426,3971.976471,1
551,35142.85714,413200,2,8311,9144,565,20,3065,0.7,3,33.2350919,-97.202624,3866.608108,1
693,22703,110000,2,8530,8829,1715,20,2365,0.727,3,33.2372296,-97.2456693,2741.609375,1
424,18511.90476,291600,2,8157,8355,450,10,2265,0.7,3,33.1780158,-97.2938381,6986.014286,1
466,32853,374490,3,7654,7654,514,20,1964,0.723,3,33.2443229,-97.3501066,4532.634921,2
304,26547.61905,120000,1,7371,7875,1500,12,3042,0.7,3,33.0664637,-97.3155967,7202.418605,1
610,30313,242986,2,8150,8810,815,17,2415,0.707,3,33.2586696,-97.2595755,3562.95,2
330,25875,201183,3,8314,8815,914,15,3114,0.722,3,33.23075,-97.3157989,3540.830769,2
552,30171,138500,1,7650,8224,350,32,2650,0.7,3,33.2004806,-97.3842204,3214.527473,1
469,30094.2381,186500,3,8384,8542,720,16,1145,0.7,3,33.2678652,-97.3502178,2747.46988,1
296,41547.61905,454300,2,7959,8172,1190,14,1950,0.7,3,33.1550319,-97.3642516,6655.886364,1
310,26399,301200,3,8174,8174,1664,15,3064,0.702,3,33.2269002,-97.297432,6312.046875,2
428,35680,129600,2,8010,8010,2570,10,3565,0.7,3,33.1942435,-97.3283142,6660.382979,1
406,32380.95238,232000,1,7459,7893,865,13,1215,0.7,3,33.0434371,-97.3588323,5866.090909,1
366,7478,280700,1,8275,8475,2964,9,3514,0.605,3,33.1653037,-97.2645188,24184.02899,1
372,38452.38095,207500,2,7893,8141,415,12,3405,0.7,3,33.1647209,-97.3505146,3419.61039,1
474,38636,112000,2,8256,8688,1320,12,3430,0.7,3,33.2211726,-97.3278142,5145.258065,1
534,33844,65700,2,8213,8715,1914,14,2104,0.7,3,33.2143836,-97.3245016,3196.709677,1
150,26387,186018,3,8176,8574,1164,13,1514,0.688,3,33.2058618,-97.3301996,3536.191176,2
608,42596,199157,3,8305,8919,1564,12,2426,0.7,3,33.2832281,-97.2734619,2519.534884,1
408,28392,124700,1,7603,8055,300,32,2700,0.7,3,33.0761494,-97.258383,4000.928571,1
531,26223,1166600,3,8534,8821,216,27,1500,0.708,3,33.3077712,-97.3099196,8122.27381,2
350,32242,756000,2,8434,8703,656,20,1970,0.687,3,33.2071842,-97.2944206,7630.431818,2
1068,60479,421680,2,8698,9182,826,16,2760,0.7,3,33.2615146,-97.2121233,3182.319444,2
345,32214.28571,125450,2,7939,8186,425,15,2015,0.7,3,33.134847,-97.3568372,5258.2125,1
624,43316,191462,3,7928,8945,726,20,2114,0.7,3,33.2910011,-97.2807819,2001.630952,2
152,14227,70300,1,7625,7988,325,24,1815,0.7,3,33.0763477,-97.2627553,2548.225,1
396,41309.52381,148100,2,8101,8300,455,14,3015,0.7,3,33.1663968,-97.3209881,6089.375,1
464,45956,957470,3,8422,8760,194,26,1000,0.716,3,33.2283022,-97.3032811,4822.142857,2
474,51371,1359246,3,8470,8737,218,26,2460,0.678,3,33.2058659,-97.2874405,6095.965517,2
227,32400,235000,1,7364,7664,1880,14,3065,0.7,3,33.0292634,-97.3714726,7992.423913,1
354,27380.95238,190859,1,7392,7723,1115,13,2465,0.7,3,33.0039514,-97.3656595,9048.692308,1
680,31824,323500,1,8407,8618,1464,17,3664,0.615,3,33.1973715,-97.2625783,6094,1
317,24135,149500,2,7475,7802,1814,16,3114,0.7,3,33.0847076,-97.3320615,1875.73913,1
429,38333.33333,183500,2,7916,8145,1265,9,2255,0.7,3,33.1238898,-97.3380824,10751.82524,1
408,34642.85714,208100,2,8426,8675,965,20,1515,0.7,3,33.2172699,-97.3283668,4109.419355,1
390,41190.47619,147400,2,7981,8192,2215,6,3275,0.711,3,33.1541774,-97.3308887,11054.47674,1
505,45842,925870,3,8436,8811,527,23,2710,0.753,3,33.2651122,-97.3114942,7377.489362,2
830,30000,212000,1,8670,8670,565,30,2565,0.692,3,33.2231045,-97.2458726,4664.482143,1
451,40840,867575,3,8396,8796,440,24,2800,0.749,3,33.2623377,-97.3118645,6203.021739,2
411,30952.38095,186500,1,7530,7840,1115,9,1735,0.7,3,33.0705489,-97.3568642,5878.014706,1
785,27750,140000,2,8878,8941,890,17,1015,0.708,3,33.2329987,-97.2169033,3964.782609,1
306,27248,136750,1,7515,7826,1284,16,2993,0.7,3,33.0547701,-97.3197454,5900.210526,1
315,19445,186350,3,8150,8685,764,15,2914,0.722,3,33.2330762,-97.3406686,2331.461538,2
376,38452.38095,207500,2,7903,8124,595,16,3005,0.7,3,33.1561352,-97.3490662,9967.355263,1
487,40476.19048,291000,2,8334,8650,515,128,3355,0.7,3,33.1806797,-97.2573607,7805.027778,1
222,30000,188000,2,7871,8190,380,14,465,0.7,3,33.1120773,-97.367376,9143.803279,1
282,28265,132000,1,7372,7768,429,28,3114,0.61,3,33.0507599,-97.2962773,1756.072289,1
403,40238.09524,152750,2,7960,8160,1915,10,3155,0.715,3,33.1486792,-97.3573099,7689.925532,1
478,33809.52381,151250,1,7821,8046,845,17,3415,0.7,3,33.103534,-97.3750621,11497.18681,1
803,36600,225200,2,8092,8092,1500,10,3550,0.7,3,33.1907303,-97.1779847,3830.983333,2
396,23251,84000,1,7301,7566,1755,10,2515,0.7,3,33.027675,-97.3833581,12962.4878,1
548,27129,344480,3,8341,8652,464,22,814,0.744,3,33.2651295,-97.3467157,3453.551724,2
452,35196,204399,3,8474,8616,1330,16,2355,0.7,3,33.2590733,-97.3446283,3005.963855,1
822,27721,140000,2,8412,9026,1015,17,1415,0.7,3,33.2427752,-97.2157939,2377.352941,1
646,34200,378000,3,8200,8850,600,22,2250,0.7,3,33.2523947,-97.2614544,5214.692308,1
442,41023.80952,147220,2,8184,8346,1615,12,3455,0.7,3,33.1729396,-97.2999149,8473.380952,1
400,20266,165000,1,8866,9388,295,64,1425,0.72,3,33.2435397,-97.1721237,3471.508772,1
950,29097,299800,1,8738,8969,750,18,2300,0.61,3,33.280114,-97.2845332,3219.851351,1
391,41309.52381,161500,2,8160,8440,1255,14,1255,0.7,3,33.1612307,-97.2700021,6579.159574,1
330,38571.42857,139700,2,7945,8190,585,15,2815,0.7,3,33.1384789,-97.359277,4892.445783,1
749,51348,1234600,3,8498,8824,643,24,970,0.736,3,33.2932734,-97.3194883,4207.6875,2
607,33928.57143,120700,1,8109,8295,875,15,3055,0.7,3,33.1619109,-97.3100128,3954.597561,1
157,16471,70000,1,7734,8100,265,32,1865,0.7,3,33.0903816,-97.265611,1405.6625,1
368,16627,180199,3,8432,8680,1390,16,3230,0.7,3,33.2461844,-97.3369201,4403.916667,1
498,33809.52381,151000,1,7832,8100,765,17,3165,0.7,3,33.1091939,-97.3761665,9944.21978,1
155,14135,69400,1,7690,8016,185,32,1565,0.7,3,33.0923154,-97.2672465,1493,1
431,40238.09524,153200,2,8375,8566,485,16,875,0.711,3,33.1998306,-97.3245677,3656.422222,1
595,29459,303000,3,7677,8750,539,22,1514,0.718,3,33.2637719,-97.3219975,3418.867647,2
354,29523.80952,133750,1,7349,7567,1465,10,2315,0.7,3,32.9987405,-97.3922408,15792.84211,1
761,22890,110500,3,8494,8800,595,17,1295,0.7057,3,33.228602,-97.2354791,4391.702703,1
437,32857.14286,204000,1,7503,7799,1265,8,1525,0.7,3,33.0519263,-97.3901636,8791.705882,1
473,40476.19048,224400,2,7898,8280,575,24,3375,0.7,3,33.1703306,-97.2796806,8597.792208,1
398,41968.59524,179500,2,8171,8368,1895,11,3375,0.7,3,33.1377334,-97.2832329,10414.16667,1
220,24700,137500,1,7500,8115,194.2,18,3014,0.7,3,33.2005876,-97.377804,1394.394495,1
540,17883,125500,2,7680,8619,1574.2,24,3150,0.7,3,33.2559427,-97.3551777,3896.355556,1
615,37261.90476,131200,1,8133,8358,1555,13,3465,0.7,3,33.1548383,-97.2923475,7024.139535,1
246,24317,257200,3,8023,8660,1014,13,1464,0.721,3,33.2512034,-97.3354621,3710.19403,2
430,29882,347290,3,8388,8793,814,16,2514,0.718,3,33.2480441,-97.3128053,5751.169492,2
531,30184,308640,3,8320,8633,330,32,2562,0.766,3,33.2719006,-97.329471,4558.528302,2
605,34404.7619,122800,1,8105,8304,1715,12,3375,0.7,3,33.1517409,-97.3076281,11741.72619,1
678,26581,156260,2,7943,8504,1040,14,2680,0.7,3,33.2923596,-97.3629858,1997.478873,1
241,29523.80952,150000,1,7262,7796,1255,14,2755,0.7,3,33.0174919,-97.3948626,9168.758242,1
449,29104,135800,1,7651,8127,1014,14,2644,0.7,3,33.174966,-97.3527371,4110.930233,1
601,26659,281360,3,8409,8849,550,20,2350,0.747,3,33.2526536,-97.2889295,4991.222222,2
356,29523.80952,130500,1,7368,7615,745,18,2715,0.7,3,33.0141632,-97.3944491,11247.54878,1
378,33690.47619,270875,2,8044,8274,2465,12,3225,0.7,3,33.1223675,-97.3106649,14883.48571,1
437,26270,273770,3,8408,8860,689,14.5,2714,0.723,3,33.2420739,-97.3069511,5481.12069,2
598,36904.7619,205400,1,7986,8291,1230,13,2955,0.7,3,33.1497465,-97.3207663,8860.486842,1
366,39047.61905,164200,2,7869,8195,1290,17,1565,0.7,3,33.1560935,-97.3378599,8178.297297,1
538,43928.57143,170000,2,8131,8387,2215,9,3225,0.711,3,33.170385,-97.3060278,6829.903226,1
399,34700,137900,1,7455,8120,160,32,2000,0.7,3,33.0824981,-97.2810059,1108.159091,1
60,27818,298060,3,8263,8655,464,17,1764,0.763,3,33.2746084,-97.3299788,3331.935484,1
407,39523.80952,176000,2,8120,8324,2035,10,3015,0.7,3,33.1464614,-97.3049682,11789.98837,1
530,17965.66667,111822,1,8304,8530,315,16,2540,0.7,3,33.2838471,-97.3517972,2307.098901,1
318,11575.95238,168800,1,8237,8269,350,48,2460,0.7,3,33.2104999,-97.3577621,1296.942857,1
368,33690.47619,270875,2,7928,8200,1215,14,1715,0.7,3,33.1278597,-97.323761,14510.04412,1
730,42844,1002400,3,8657,9022,485,23,1235,0.732,3,33.2755011,-97.3016799,4974.068182,2
494,33333.33333,131000,1,7878,8120,465,14,1265,0.7,3,33.1027898,-97.3519229,3552.795699,1
350,24886.04762,178000,3,7680,8680,724,16,3064,0.7,3,33.2381497,-97.3417452,2020.964706,1
174,31547.61905,132625,2,8250,8658,480,128,2255,0.7,3,33.1254077,-97.2448603,95,1
794,48396,980587,1,8280,9320,1164,12,1414,0.595,3,33.1452771,-97.1076315,13882.2,2
249,26872,331800,2,9039,9039,400,30,1300,0.7,3,33.2046089,-97.1621033,3701.666667,1
403,37739,440000,3,8477,8855,302,32,2180,0.7,3,33.1405861,-97.1671229,5386.317073,2
639,34741,499000,1,7995,8830,164,44,1914,0.598,3,33.145345,-97.1726446,2439.043478,2
718,52929,701000,1,8851,8869,700,32,2200,0.6,3,33.1480943,-97.1665868,5882.416667,2
575,28945,465800,2,8115,8532,680,24,2450,0.64,3,33.1919436,-97.2532743,5013.859375,1
786,52379,352572,3,8426,9151,1365,20,2910,0.7,3,33.2570556,-97.215461,1226.430769,2
740,23752,203500,2,8149,9200,439,18,2714,0.72,3,33.2492454,-97.2025221,887.2318841,1
702,24676,294765,2,8484,9245,1365,14,3070,0.7,3,33.2546959,-97.2009724,4863.219178,1
372,28928.57143,115250,1,7370,7644,1500,9,2865,0.7,3,33.0180354,-97.3188721,2798.97561,1
